id_song,id_artist,id_album,datetime
1ZMiCix7XSAbfAJlEZWMCp,6KImCVD70vtIoJWnq6nGn3,7xV2TzoaVc0ycW7fwBwAml,26 Apr 2020 19:50
2IOFZdYYkFxEHVz1w34PoL,6KImCVD70vtIoJWnq6nGn3,7xV2TzoaVc0ycW7fwBwAml,26 Apr 2020 19:46
6zrJLhslleCHby0wbUnvVy,6M2wZ9GZgrQXHCFfjv46we,7fJJK56U9fHixgO0HQkhtI,25 Apr 2020 03:33
0vQcyuMEfRBd21ojZ62N2L,6M2wZ9GZgrQXHCFfjv46we,7fJJK56U9fHixgO0HQkhtI,24 Apr 2020 20:31
6uAFJ75WDAoAPyCWJAtvks,6M2wZ9GZgrQXHCFfjv46we,7fJJK56U9fHixgO0HQkhtI,24 Apr 2020 20:27
017PF4Q3l4DBUiWoXk4OWT,6M2wZ9GZgrQXHCFfjv46we,7fJJK56U9fHixgO0HQkhtI,24 Apr 2020 20:24
4rPkN1FMzQyFNP9cLUGIIB,6M2wZ9GZgrQXHCFfjv46we,7fJJK56U9fHixgO0HQkhtI,24 Apr 2020 20:19
1nYeVF5vIBxMxfPoL0SIWg,6M2wZ9GZgrQXHCFfjv46we,7fJJK56U9fHixgO0HQkhtI,24 Apr 2020 20:16
6DXZiYUbrYgrVIhfX3U9Z2,6M2wZ9GZgrQXHCFfjv46we,7fJJK56U9fHixgO0HQkhtI,24 Apr 2020 20:13
39LLxExYz6ewLAcYrzQQyP,6M2wZ9GZgrQXHCFfjv46we,7fJJK56U9fHixgO0HQkhtI,24 Apr 2020 20:09
3AzjcOeAmA57TIOr9zF1ZW,6M2wZ9GZgrQXHCFfjv46we,7fJJK56U9fHixgO0HQkhtI,24 Apr 2020 20:06
2nMOodYNHBAQ3Kc1QNimZU,6M2wZ9GZgrQXHCFfjv46we,7fJJK56U9fHixgO0HQkhtI,24 Apr 2020 20:02
6zrJLhslleCHby0wbUnvVy,6M2wZ9GZgrQXHCFfjv46we,7fJJK56U9fHixgO0HQkhtI,24 Apr 2020 20:00
5JiH89mHrv9oWHlD0T326z,6KImCVD70vtIoJWnq6nGn3,7xV2TzoaVc0ycW7fwBwAml,24 Apr 2020 19:51
1ZMiCix7XSAbfAJlEZWMCp,6KImCVD70vtIoJWnq6nGn3,7xV2TzoaVc0ycW7fwBwAml,24 Apr 2020 19:47
2IOFZdYYkFxEHVz1w34PoL,6KImCVD70vtIoJWnq6nGn3,7xV2TzoaVc0ycW7fwBwAml,24 Apr 2020 19:43
4jAIqgrPjKLTY9Gbez25Qb,6KImCVD70vtIoJWnq6nGn3,7xV2TzoaVc0ycW7fwBwAml,24 Apr 2020 19:41
3jjujdWJ72nww5eGnfs2E7,6KImCVD70vtIoJWnq6nGn3,7xV2TzoaVc0ycW7fwBwAml,24 Apr 2020 19:36
59uEiooaCUECb1fMmo6Sr9,0wnYgCeP013HkKoOyC5V32,5Qd3rWZavleUmV0pwBUjNF,24 Apr 2020 19:33
6SQLk9HSNketfgs2AyIiMs,6KImCVD70vtIoJWnq6nGn3,7xV2TzoaVc0ycW7fwBwAml,23 Apr 2020 01:05
5JiH89mHrv9oWHlD0T326z,6KImCVD70vtIoJWnq6nGn3,7xV2TzoaVc0ycW7fwBwAml,22 Apr 2020 21:37
1ZMiCix7XSAbfAJlEZWMCp,6KImCVD70vtIoJWnq6nGn3,7xV2TzoaVc0ycW7fwBwAml,22 Apr 2020 21:33
2IOFZdYYkFxEHVz1w34PoL,6KImCVD70vtIoJWnq6nGn3,7xV2TzoaVc0ycW7fwBwAml,22 Apr 2020 21:29
4jAIqgrPjKLTY9Gbez25Qb,6KImCVD70vtIoJWnq6nGn3,7xV2TzoaVc0ycW7fwBwAml,22 Apr 2020 21:26
3jjujdWJ72nww5eGnfs2E7,6KImCVD70vtIoJWnq6nGn3,7xV2TzoaVc0ycW7fwBwAml,22 Apr 2020 21:23
1e9oZCCiX42nJl0AcqriVo,6KImCVD70vtIoJWnq6nGn3,659e2eKbsMH0vYCs5qgFmy,22 Apr 2020 21:20
45S5WTQEGOB1VHr1Q4FuPl,6KImCVD70vtIoJWnq6nGn3,7xV2TzoaVc0ycW7fwBwAml,22 Apr 2020 21:16
6SQLk9HSNketfgs2AyIiMs,6KImCVD70vtIoJWnq6nGn3,7xV2TzoaVc0ycW7fwBwAml,22 Apr 2020 19:04
2IOFZdYYkFxEHVz1w34PoL,6KImCVD70vtIoJWnq6nGn3,7xV2TzoaVc0ycW7fwBwAml,22 Apr 2020 19:00
4jAIqgrPjKLTY9Gbez25Qb,6KImCVD70vtIoJWnq6nGn3,7xV2TzoaVc0ycW7fwBwAml,22 Apr 2020 18:57
45S5WTQEGOB1VHr1Q4FuPl,6KImCVD70vtIoJWnq6nGn3,7xV2TzoaVc0ycW7fwBwAml,22 Apr 2020 18:54
3jjujdWJ72nww5eGnfs2E7,6KImCVD70vtIoJWnq6nGn3,7xV2TzoaVc0ycW7fwBwAml,22 Apr 2020 18:35
0rIAC4PXANcKmitJfoqmVm,2cWZOOzeOm4WmBJRnD5R7I,2r6BEK0wzXbL8JHyCkeJkG,22 Apr 2020 18:32
6YdQgWSpsxhVeX6Xmv3IFJ,56oDRnqbIiwx4mymNEv7dS,6dFFcYQ8VhifgdKgYY5LYL,22 Apr 2020 18:29
017PF4Q3l4DBUiWoXk4OWT,6M2wZ9GZgrQXHCFfjv46we,7fJJK56U9fHixgO0HQkhtI,22 Apr 2020 18:25
6DXZiYUbrYgrVIhfX3U9Z2,6M2wZ9GZgrQXHCFfjv46we,7fJJK56U9fHixgO0HQkhtI,22 Apr 2020 18:22
2RSHsoi04658QL5xgQVov3,53XhwfbYqKCa1cC15pYq2q,3JfSxDfmwS5OeHPwLSkrfr,22 Apr 2020 18:18
2kJu14V7hbZw3I4K8L8SXb,1HY2Jd0NmPuamShAr6KMms,2HDW1EX8IBI3jqobswAfrZ,22 Apr 2020 18:15
0VjIjW4GlUZAMYd2vXMi3b,1Xyo4u8uXC1ZmMpatF05PJ,4yP0hdKOZPNshxUOjY0cZj,22 Apr 2020 18:11
0k664IuFwVP557Gnx7RhIl,56oDRnqbIiwx4mymNEv7dS,6dFFcYQ8VhifgdKgYY5LYL,22 Apr 2020 18:08
3AzjcOeAmA57TIOr9zF1ZW,6M2wZ9GZgrQXHCFfjv46we,7fJJK56U9fHixgO0HQkhtI,22 Apr 2020 18:05
3KVZGPH6MMmjAXqAokYfUl,6tzRZ39aZlNqlUzQlkuhDV,5MyIUcMuz1rsqiwRVxavRY,22 Apr 2020 18:02
29caulxU0jxucdVIyhSJTc,6tzRZ39aZlNqlUzQlkuhDV,3HpTJ9jpgwzzn7S8AUwlb9,21 Apr 2020 21:07
6tOt7ppUZlVoQPoWL7R9lm,6tzRZ39aZlNqlUzQlkuhDV,67rOBOMZsXiQwoPpZbnC8b,21 Apr 2020 21:05
4UMnUuQ9cYTSdv9FNy9uWb,6tzRZ39aZlNqlUzQlkuhDV,4ZOJtA52YPtxDuT0YmyWKl,21 Apr 2020 21:02
32gEHOmBV9LQKaCBqkPWEU,6tzRZ39aZlNqlUzQlkuhDV,67rOBOMZsXiQwoPpZbnC8b,21 Apr 2020 20:59
3pDmxI5F2cNRcTxOd89TjV,6tzRZ39aZlNqlUzQlkuhDV,3HpTJ9jpgwzzn7S8AUwlb9,21 Apr 2020 20:57
5GsJcnO3rgpZFOrzL2EISO,6tzRZ39aZlNqlUzQlkuhDV,7a8LBp4khqUFgSc4j8tVgN,21 Apr 2020 20:55
1DmSaQjZkuwFi57KPv20oB,6tzRZ39aZlNqlUzQlkuhDV,67rOBOMZsXiQwoPpZbnC8b,21 Apr 2020 20:52
6X0XdIcgwfVa9orJnDMQB0,6tzRZ39aZlNqlUzQlkuhDV,0rDDD6fyQCUDiwlehEJsnd,21 Apr 2020 20:50
3KVZGPH6MMmjAXqAokYfUl,6tzRZ39aZlNqlUzQlkuhDV,5MyIUcMuz1rsqiwRVxavRY,21 Apr 2020 20:48
1fipvP2zmef6vN2IwXfJhY,2wY79sveU1sp5g7SokKOiI,44msshHeN6irJ1md7GVSlU,21 Apr 2020 20:42
6WrI0LAC5M1Rw2MnX2ZvEg,6M2wZ9GZgrQXHCFfjv46we,0ix3XtPV1LwmZADsprKxcp,21 Apr 2020 20:39
3AzjcOeAmA57TIOr9zF1ZW,6M2wZ9GZgrQXHCFfjv46we,7fJJK56U9fHixgO0HQkhtI,21 Apr 2020 20:36
0vQcyuMEfRBd21ojZ62N2L,6M2wZ9GZgrQXHCFfjv46we,7fJJK56U9fHixgO0HQkhtI,21 Apr 2020 20:33
39LLxExYz6ewLAcYrzQQyP,6M2wZ9GZgrQXHCFfjv46we,7fJJK56U9fHixgO0HQkhtI,21 Apr 2020 20:30
59uEiooaCUECb1fMmo6Sr9,0wnYgCeP013HkKoOyC5V32,5Qd3rWZavleUmV0pwBUjNF,21 Apr 2020 20:26
59uEiooaCUECb1fMmo6Sr9,0wnYgCeP013HkKoOyC5V32,5Qd3rWZavleUmV0pwBUjNF,21 Apr 2020 20:22
59uEiooaCUECb1fMmo6Sr9,0wnYgCeP013HkKoOyC5V32,5Qd3rWZavleUmV0pwBUjNF,21 Apr 2020 20:18
7jXR6XzfGSf0YKIVGZ4bru,2nlffOJxvfOImrGDlFr498,5UDyy33uG5P9Jh7xD5rqDw,20 Apr 2020 01:34
0J6dOwflFSy3h1AoKmkqKc,0EmeFodog0BfCgMzAIvKQp,3zHPYwiMJqa3hTBgk695Ae,19 Apr 2020 23:21
3rwWcmmKQsXWfEfKzi4X2S,7vXDAI8JwjW531ouMGbfcp,3zv24J8NbyfyDZD5zL102P,19 Apr 2020 23:18
5y6pj7OeBFF0CVgZKhRbOG,3e7awlrlDSwF3iM0WBjGMp,4bzVI1FElc13HQagFR7S1W,19 Apr 2020 05:28
3jjujdWJ72nww5eGnfs2E7,6KImCVD70vtIoJWnq6nGn3,7xV2TzoaVc0ycW7fwBwAml,19 Apr 2020 02:22
1fipvP2zmef6vN2IwXfJhY,2wY79sveU1sp5g7SokKOiI,44msshHeN6irJ1md7GVSlU,19 Apr 2020 02:18
4UMnUuQ9cYTSdv9FNy9uWb,6tzRZ39aZlNqlUzQlkuhDV,4ZOJtA52YPtxDuT0YmyWKl,19 Apr 2020 02:14
6tOt7ppUZlVoQPoWL7R9lm,6tzRZ39aZlNqlUzQlkuhDV,67rOBOMZsXiQwoPpZbnC8b,19 Apr 2020 02:12
3pDmxI5F2cNRcTxOd89TjV,6tzRZ39aZlNqlUzQlkuhDV,3HpTJ9jpgwzzn7S8AUwlb9,19 Apr 2020 02:10
32gEHOmBV9LQKaCBqkPWEU,6tzRZ39aZlNqlUzQlkuhDV,67rOBOMZsXiQwoPpZbnC8b,19 Apr 2020 02:07
3KVZGPH6MMmjAXqAokYfUl,6tzRZ39aZlNqlUzQlkuhDV,5MyIUcMuz1rsqiwRVxavRY,19 Apr 2020 02:05
29caulxU0jxucdVIyhSJTc,6tzRZ39aZlNqlUzQlkuhDV,3HpTJ9jpgwzzn7S8AUwlb9,19 Apr 2020 02:01
5GsJcnO3rgpZFOrzL2EISO,6tzRZ39aZlNqlUzQlkuhDV,7a8LBp4khqUFgSc4j8tVgN,19 Apr 2020 01:59
1B0BQaSRHxhI0AUlItY3LK,7ltDVBr6mKbRvohxheJ9h1,355bjCHzRJztCzaG5Za4gq,16 Apr 2020 21:36
0RhO0RV0YKyF05kZ4uQOHW,7ltDVBr6mKbRvohxheJ9h1,355bjCHzRJztCzaG5Za4gq,16 Apr 2020 21:07
5meAAp6VRNKT4cR3CvKkfU,7ltDVBr6mKbRvohxheJ9h1,355bjCHzRJztCzaG5Za4gq,16 Apr 2020 21:03
2Sfl7odHUmG7qc8SbqUyzE,7ltDVBr6mKbRvohxheJ9h1,355bjCHzRJztCzaG5Za4gq,16 Apr 2020 21:01
1zZ7vl1amOLI4GE5oUn0YB,7ltDVBr6mKbRvohxheJ9h1,355bjCHzRJztCzaG5Za4gq,16 Apr 2020 20:58
1Yaw3jxKlBUXkfIo2FHG2M,7ltDVBr6mKbRvohxheJ9h1,355bjCHzRJztCzaG5Za4gq,16 Apr 2020 20:57
6HpgdL4zUpuyXCzvAhgR5a,7ltDVBr6mKbRvohxheJ9h1,355bjCHzRJztCzaG5Za4gq,16 Apr 2020 20:53
0CaiddWO1F3v4nTQGgfk9A,7ltDVBr6mKbRvohxheJ9h1,355bjCHzRJztCzaG5Za4gq,16 Apr 2020 20:50
5r8mGKhCDIVWb3AG4hm0l0,7ltDVBr6mKbRvohxheJ9h1,355bjCHzRJztCzaG5Za4gq,16 Apr 2020 20:47
1B0BQaSRHxhI0AUlItY3LK,7ltDVBr6mKbRvohxheJ9h1,355bjCHzRJztCzaG5Za4gq,16 Apr 2020 20:45
1B0BQaSRHxhI0AUlItY3LK,7ltDVBr6mKbRvohxheJ9h1,355bjCHzRJztCzaG5Za4gq,16 Apr 2020 20:41
0rIAC4PXANcKmitJfoqmVm,2cWZOOzeOm4WmBJRnD5R7I,2r6BEK0wzXbL8JHyCkeJkG,16 Apr 2020 20:36
6DXZiYUbrYgrVIhfX3U9Z2,6M2wZ9GZgrQXHCFfjv46we,7fJJK56U9fHixgO0HQkhtI,16 Apr 2020 20:33
2RSHsoi04658QL5xgQVov3,53XhwfbYqKCa1cC15pYq2q,3JfSxDfmwS5OeHPwLSkrfr,16 Apr 2020 20:30
017PF4Q3l4DBUiWoXk4OWT,6M2wZ9GZgrQXHCFfjv46we,7fJJK56U9fHixgO0HQkhtI,16 Apr 2020 20:29
32gEHOmBV9LQKaCBqkPWEU,6tzRZ39aZlNqlUzQlkuhDV,67rOBOMZsXiQwoPpZbnC8b,16 Apr 2020 20:25
3KVZGPH6MMmjAXqAokYfUl,6tzRZ39aZlNqlUzQlkuhDV,5MyIUcMuz1rsqiwRVxavRY,16 Apr 2020 20:18
0VjIjW4GlUZAMYd2vXMi3b,1Xyo4u8uXC1ZmMpatF05PJ,4yP0hdKOZPNshxUOjY0cZj,16 Apr 2020 20:07
2kJu14V7hbZw3I4K8L8SXb,1HY2Jd0NmPuamShAr6KMms,2HDW1EX8IBI3jqobswAfrZ,16 Apr 2020 20:04
3jjujdWJ72nww5eGnfs2E7,6KImCVD70vtIoJWnq6nGn3,7xV2TzoaVc0ycW7fwBwAml,16 Apr 2020 19:57
0k664IuFwVP557Gnx7RhIl,56oDRnqbIiwx4mymNEv7dS,6dFFcYQ8VhifgdKgYY5LYL,16 Apr 2020 19:54
6YdQgWSpsxhVeX6Xmv3IFJ,56oDRnqbIiwx4mymNEv7dS,6dFFcYQ8VhifgdKgYY5LYL,16 Apr 2020 19:51
7ofgPlilLgcw6G7fd2zNpT,5ZsFI1h6hIdQRw2ti0hz81,5amj9zNeZ3B2EdpBgXrOZ0,16 Apr 2020 19:47
48qaQk75LoWs5qgsZgbkA5,5ZsFI1h6hIdQRw2ti0hz81,5amj9zNeZ3B2EdpBgXrOZ0,16 Apr 2020 19:42
2NjO87HyT80fsgejd3PLYW,3WGpXCj9YhhfX11TToZcXP,3MYJYd73u0SatCnRVvRJ3M,16 Apr 2020 19:38
6jA8HL9i4QGzsj6fjoxp8Y,60d24wfXkVzDSfLS6hyCjZ,0OK35duHpTPnvqya2d4pnn,16 Apr 2020 19:35
4NiehSBQthimPzRsVeOgCT,3WGpXCj9YhhfX11TToZcXP,3MYJYd73u0SatCnRVvRJ3M,16 Apr 2020 19:31
6YndZBGmLySgsVScckWkmO,3WGpXCj9YhhfX11TToZcXP,0F9bpInUaHGru63OHqBuQ8,16 Apr 2020 19:31
4Pu0a2TuHOYtI4CCE3HEXI,4SsVbpTthjScTS7U2hmr1X,0vPG06qvqmD1XL1uAFysKM,16 Apr 2020 19:27
6zEgnpM0qYmHLDnh8WPejL,1vyhD5VmyZ7KMfW5gqLgo5,2mX8ktJoWvyidWBU9U8Jis,16 Apr 2020 19:24
2w1rq80FIrbxeJy9WYURxw,790FomKkXshlbRYZFtlgla,4c7J8cbXIdLAiTX7PFYdDi,16 Apr 2020 19:22
7eElVgPcxDqmgGrSwVFI74,163tK9Wjr9P9DmM0AVK7lm,2B87zXm9bOWvAJdkJBTpzF,16 Apr 2020 17:41
3G6hD9B2ZHOsgf4WfNu7X1,163tK9Wjr9P9DmM0AVK7lm,0rmhjUgoVa17LZuS8xWQ3v,16 Apr 2020 17:15
7eIxWCwjk4YSiFujSPjEmK,163tK9Wjr9P9DmM0AVK7lm,24py1bFh9hOAHF3dIz8ast,16 Apr 2020 17:10
5u64RlrnvvbtNh6R0EMh6o,163tK9Wjr9P9DmM0AVK7lm,4oCGmYsAQOWt2ACWTpNUU6,16 Apr 2020 17:07
2dLLR6qlu5UJ5gk0dKz0h3,163tK9Wjr9P9DmM0AVK7lm,0rmhjUgoVa17LZuS8xWQ3v,16 Apr 2020 17:07
5u64RlrnvvbtNh6R0EMh6o,163tK9Wjr9P9DmM0AVK7lm,4oCGmYsAQOWt2ACWTpNUU6,16 Apr 2020 17:03
35kahykNu00FPysz3C2euR,163tK9Wjr9P9DmM0AVK7lm,0rmhjUgoVa17LZuS8xWQ3v,16 Apr 2020 17:00
5q4BpnMrYEFzLO0dYODj6J,163tK9Wjr9P9DmM0AVK7lm,2B87zXm9bOWvAJdkJBTpzF,16 Apr 2020 16:55
6ie2Bw3xLj2JcGowOlcMhb,163tK9Wjr9P9DmM0AVK7lm,2B87zXm9bOWvAJdkJBTpzF,16 Apr 2020 16:52
51QEyJI5M7uyd8DOh9tqQY,163tK9Wjr9P9DmM0AVK7lm,0rmhjUgoVa17LZuS8xWQ3v,16 Apr 2020 16:46
193Dm5SqYy3hTSbuzxbwKc,163tK9Wjr9P9DmM0AVK7lm,2B87zXm9bOWvAJdkJBTpzF,16 Apr 2020 16:42
74fpNVAJrKGQuqHETi4WSt,163tK9Wjr9P9DmM0AVK7lm,0rmhjUgoVa17LZuS8xWQ3v,16 Apr 2020 16:39
6K8VQ84MqhsoakN5MjrnVR,163tK9Wjr9P9DmM0AVK7lm,2B87zXm9bOWvAJdkJBTpzF,16 Apr 2020 16:36
1Dp7JGFNjvg8Nk0CtMCcnr,163tK9Wjr9P9DmM0AVK7lm,2B87zXm9bOWvAJdkJBTpzF,16 Apr 2020 16:28
0A8cJT245zXmWhcQWbtmw3,163tK9Wjr9P9DmM0AVK7lm,112eEMM7VwHVEknE4hHjjY,16 Apr 2020 16:23
2yrJ1jWo3HLksJFUqUsZE4,163tK9Wjr9P9DmM0AVK7lm,6rnzvZhe3PA57xKcKLRtJ6,16 Apr 2020 16:20
2MvvoeRt8NcOXWESkxWn3g,163tK9Wjr9P9DmM0AVK7lm,0rmhjUgoVa17LZuS8xWQ3v,16 Apr 2020 16:15
2zbCUcfKcM9RDsnDcuybvV,2SdOKxC1sSxEyv8JYERaNe,4qRdeAlRbk0LfK6IHgNf5n,16 Apr 2020 03:41
3KVZGPH6MMmjAXqAokYfUl,6tzRZ39aZlNqlUzQlkuhDV,5MyIUcMuz1rsqiwRVxavRY,16 Apr 2020 03:36
75mVUHbkXidxhYAiUpxDHi,3m5qlPf2OkihLz3dRYnkPA,0WopxBdg0sehHG1JaxQSTZ,16 Apr 2020 03:33
0SqqAgdovOE24BzxIClpjw,4q3ewBCX7sLwd24euuV69X,5lJqux7orBlA1QzyiBGti1,16 Apr 2020 03:30
2DEZmgHKAvm41k4J3R2E9Y,4q3ewBCX7sLwd24euuV69X,5lJqux7orBlA1QzyiBGti1,16 Apr 2020 03:26
4UMnUuQ9cYTSdv9FNy9uWb,6tzRZ39aZlNqlUzQlkuhDV,4ZOJtA52YPtxDuT0YmyWKl,16 Apr 2020 03:23
29caulxU0jxucdVIyhSJTc,6tzRZ39aZlNqlUzQlkuhDV,3HpTJ9jpgwzzn7S8AUwlb9,16 Apr 2020 03:20
32gEHOmBV9LQKaCBqkPWEU,6tzRZ39aZlNqlUzQlkuhDV,67rOBOMZsXiQwoPpZbnC8b,16 Apr 2020 03:20
29caulxU0jxucdVIyhSJTc,6tzRZ39aZlNqlUzQlkuhDV,3HpTJ9jpgwzzn7S8AUwlb9,16 Apr 2020 02:51
2RSHsoi04658QL5xgQVov3,53XhwfbYqKCa1cC15pYq2q,3JfSxDfmwS5OeHPwLSkrfr,16 Apr 2020 02:46
1Dfzjb9aFxgSFM0vnNTDPr,3WGpXCj9YhhfX11TToZcXP,3MYJYd73u0SatCnRVvRJ3M,15 Apr 2020 21:03
4CCe846xVRd9p31gc6dMza,3WGpXCj9YhhfX11TToZcXP,3MYJYd73u0SatCnRVvRJ3M,15 Apr 2020 20:59
0EftP1nY8Mklt77hAMMMug,3WGpXCj9YhhfX11TToZcXP,3MYJYd73u0SatCnRVvRJ3M,15 Apr 2020 20:56
4qAHuJq5T4Q97EQZG47H0P,3WGpXCj9YhhfX11TToZcXP,3MYJYd73u0SatCnRVvRJ3M,15 Apr 2020 20:52
7iyKbBjb2fmTnTfCjCh7ER,3WGpXCj9YhhfX11TToZcXP,3MYJYd73u0SatCnRVvRJ3M,15 Apr 2020 20:48
7jQFIqN0GnpByBVXPpdPom,3WGpXCj9YhhfX11TToZcXP,2mRBvhDWqm8Fj2U0F6mMY4,15 Apr 2020 20:45
5lMgUPtlARalVIGxl0xE3J,3WGpXCj9YhhfX11TToZcXP,2mRBvhDWqm8Fj2U0F6mMY4,15 Apr 2020 20:41
0tnU8bI4cZkvdPzXRV7BA8,3WGpXCj9YhhfX11TToZcXP,2mRBvhDWqm8Fj2U0F6mMY4,15 Apr 2020 20:38
4lvJOtynZbT08pZO10YoOv,3WGpXCj9YhhfX11TToZcXP,2mRBvhDWqm8Fj2U0F6mMY4,15 Apr 2020 20:38
2fNi8T6DLiY9SxFnZrhOeV,3WGpXCj9YhhfX11TToZcXP,2mRBvhDWqm8Fj2U0F6mMY4,15 Apr 2020 20:34
1othhMi2WsiF9oLoisJjYW,3WGpXCj9YhhfX11TToZcXP,2mRBvhDWqm8Fj2U0F6mMY4,15 Apr 2020 20:26
59uEiooaCUECb1fMmo6Sr9,0wnYgCeP013HkKoOyC5V32,5Qd3rWZavleUmV0pwBUjNF,15 Apr 2020 20:23
2RSHsoi04658QL5xgQVov3,53XhwfbYqKCa1cC15pYq2q,3JfSxDfmwS5OeHPwLSkrfr,15 Apr 2020 20:12
6DXZiYUbrYgrVIhfX3U9Z2,6M2wZ9GZgrQXHCFfjv46we,7fJJK56U9fHixgO0HQkhtI,15 Apr 2020 20:09
0rIAC4PXANcKmitJfoqmVm,2cWZOOzeOm4WmBJRnD5R7I,2r6BEK0wzXbL8JHyCkeJkG,15 Apr 2020 20:06
2kJu14V7hbZw3I4K8L8SXb,1HY2Jd0NmPuamShAr6KMms,2HDW1EX8IBI3jqobswAfrZ,15 Apr 2020 20:03
0VjIjW4GlUZAMYd2vXMi3b,1Xyo4u8uXC1ZmMpatF05PJ,4yP0hdKOZPNshxUOjY0cZj,15 Apr 2020 20:00
017PF4Q3l4DBUiWoXk4OWT,6M2wZ9GZgrQXHCFfjv46we,7fJJK56U9fHixgO0HQkhtI,15 Apr 2020 19:56
3AzjcOeAmA57TIOr9zF1ZW,6M2wZ9GZgrQXHCFfjv46we,7fJJK56U9fHixgO0HQkhtI,15 Apr 2020 19:53
31M5m42C3EGlbydf9XB5to,6BeO1KuAWBqFriL1mLHtNc,7as9B0RBSX3cxUIs1MlZ4V,15 Apr 2020 19:48
041Kcvnw8nOdq8xiRibPTG,5dbaLmK5SHLLg8Z4CcTJpX,0ZrbrBx1Rkc7hq3hDKdOmH,15 Apr 2020 19:48
31M5m42C3EGlbydf9XB5to,6BeO1KuAWBqFriL1mLHtNc,7as9B0RBSX3cxUIs1MlZ4V,15 Apr 2020 19:45
56f5qnyAlZdlz8wrUDA50h,2wkoKEfS6dXwThbyTnZWFU,01yYW0rRRwlEZx1dMmc5ff,15 Apr 2020 19:41
3KVZGPH6MMmjAXqAokYfUl,6tzRZ39aZlNqlUzQlkuhDV,5MyIUcMuz1rsqiwRVxavRY,15 Apr 2020 19:39
32gEHOmBV9LQKaCBqkPWEU,6tzRZ39aZlNqlUzQlkuhDV,67rOBOMZsXiQwoPpZbnC8b,15 Apr 2020 19:39
32gEHOmBV9LQKaCBqkPWEU,6tzRZ39aZlNqlUzQlkuhDV,67rOBOMZsXiQwoPpZbnC8b,15 Apr 2020 19:36
32gEHOmBV9LQKaCBqkPWEU,6tzRZ39aZlNqlUzQlkuhDV,67rOBOMZsXiQwoPpZbnC8b,15 Apr 2020 19:31
3KVZGPH6MMmjAXqAokYfUl,6tzRZ39aZlNqlUzQlkuhDV,5MyIUcMuz1rsqiwRVxavRY,15 Apr 2020 19:28
2DEZmgHKAvm41k4J3R2E9Y,4q3ewBCX7sLwd24euuV69X,5lJqux7orBlA1QzyiBGti1,15 Apr 2020 19:23
0k664IuFwVP557Gnx7RhIl,56oDRnqbIiwx4mymNEv7dS,6dFFcYQ8VhifgdKgYY5LYL,15 Apr 2020 19:18
6YdQgWSpsxhVeX6Xmv3IFJ,56oDRnqbIiwx4mymNEv7dS,6dFFcYQ8VhifgdKgYY5LYL,15 Apr 2020 19:15
6tOt7ppUZlVoQPoWL7R9lm,6tzRZ39aZlNqlUzQlkuhDV,67rOBOMZsXiQwoPpZbnC8b,15 Apr 2020 04:49
3KVZGPH6MMmjAXqAokYfUl,6tzRZ39aZlNqlUzQlkuhDV,5MyIUcMuz1rsqiwRVxavRY,15 Apr 2020 04:47
1DmSaQjZkuwFi57KPv20oB,6tzRZ39aZlNqlUzQlkuhDV,67rOBOMZsXiQwoPpZbnC8b,15 Apr 2020 04:44
6tOt7ppUZlVoQPoWL7R9lm,6tzRZ39aZlNqlUzQlkuhDV,67rOBOMZsXiQwoPpZbnC8b,15 Apr 2020 04:42
32gEHOmBV9LQKaCBqkPWEU,6tzRZ39aZlNqlUzQlkuhDV,67rOBOMZsXiQwoPpZbnC8b,15 Apr 2020 04:39
3jjujdWJ72nww5eGnfs2E7,6KImCVD70vtIoJWnq6nGn3,7xV2TzoaVc0ycW7fwBwAml,15 Apr 2020 04:35
2DEZmgHKAvm41k4J3R2E9Y,4q3ewBCX7sLwd24euuV69X,5lJqux7orBlA1QzyiBGti1,15 Apr 2020 04:31
0rIAC4PXANcKmitJfoqmVm,2cWZOOzeOm4WmBJRnD5R7I,2r6BEK0wzXbL8JHyCkeJkG,15 Apr 2020 03:58
1nYeVF5vIBxMxfPoL0SIWg,6M2wZ9GZgrQXHCFfjv46we,7fJJK56U9fHixgO0HQkhtI,11 Apr 2020 22:04
6DXZiYUbrYgrVIhfX3U9Z2,6M2wZ9GZgrQXHCFfjv46we,7fJJK56U9fHixgO0HQkhtI,11 Apr 2020 22:01
39LLxExYz6ewLAcYrzQQyP,6M2wZ9GZgrQXHCFfjv46we,7fJJK56U9fHixgO0HQkhtI,11 Apr 2020 21:57
3AzjcOeAmA57TIOr9zF1ZW,6M2wZ9GZgrQXHCFfjv46we,7fJJK56U9fHixgO0HQkhtI,11 Apr 2020 21:54
2nMOodYNHBAQ3Kc1QNimZU,6M2wZ9GZgrQXHCFfjv46we,7fJJK56U9fHixgO0HQkhtI,11 Apr 2020 21:51
0Oqc0kKFsQ6MhFOLBNZIGX,00FQb4jTyendYWaN8pK0wa,5XpEKORZ4y6OrCZSKsi46A,07 Apr 2020 11:23
4rPkN1FMzQyFNP9cLUGIIB,6M2wZ9GZgrQXHCFfjv46we,7fJJK56U9fHixgO0HQkhtI,03 Apr 2020 21:03
6zrJLhslleCHby0wbUnvVy,6M2wZ9GZgrQXHCFfjv46we,7fJJK56U9fHixgO0HQkhtI,03 Apr 2020 15:15
2nMOodYNHBAQ3Kc1QNimZU,6M2wZ9GZgrQXHCFfjv46we,7fJJK56U9fHixgO0HQkhtI,03 Apr 2020 15:12
017PF4Q3l4DBUiWoXk4OWT,6M2wZ9GZgrQXHCFfjv46we,7fJJK56U9fHixgO0HQkhtI,03 Apr 2020 15:08
6YdQgWSpsxhVeX6Xmv3IFJ,56oDRnqbIiwx4mymNEv7dS,6dFFcYQ8VhifgdKgYY5LYL,03 Apr 2020 14:36
2RSHsoi04658QL5xgQVov3,53XhwfbYqKCa1cC15pYq2q,3JfSxDfmwS5OeHPwLSkrfr,03 Apr 2020 14:29
6YndZBGmLySgsVScckWkmO,3WGpXCj9YhhfX11TToZcXP,0F9bpInUaHGru63OHqBuQ8,02 Apr 2020 21:32
59uEiooaCUECb1fMmo6Sr9,0wnYgCeP013HkKoOyC5V32,5Qd3rWZavleUmV0pwBUjNF,02 Apr 2020 21:30
2RSHsoi04658QL5xgQVov3,53XhwfbYqKCa1cC15pYq2q,3JfSxDfmwS5OeHPwLSkrfr,02 Apr 2020 19:26
6hFi0gXP8KItwMqfBgf44b,53XhwfbYqKCa1cC15pYq2q,58401eNNELkIVx3xiwzJFy,02 Apr 2020 15:59
2RSHsoi04658QL5xgQVov3,53XhwfbYqKCa1cC15pYq2q,3JfSxDfmwS5OeHPwLSkrfr,02 Apr 2020 15:54
6DXZiYUbrYgrVIhfX3U9Z2,6M2wZ9GZgrQXHCFfjv46we,7fJJK56U9fHixgO0HQkhtI,01 Apr 2020 14:30
59uEiooaCUECb1fMmo6Sr9,0wnYgCeP013HkKoOyC5V32,5Qd3rWZavleUmV0pwBUjNF,01 Apr 2020 14:27
6uAFJ75WDAoAPyCWJAtvks,6M2wZ9GZgrQXHCFfjv46we,7fJJK56U9fHixgO0HQkhtI,29 Mar 2020 00:32
017PF4Q3l4DBUiWoXk4OWT,6M2wZ9GZgrQXHCFfjv46we,7fJJK56U9fHixgO0HQkhtI,29 Mar 2020 00:28
4rPkN1FMzQyFNP9cLUGIIB,6M2wZ9GZgrQXHCFfjv46we,7fJJK56U9fHixgO0HQkhtI,29 Mar 2020 00:24
1nYeVF5vIBxMxfPoL0SIWg,6M2wZ9GZgrQXHCFfjv46we,7fJJK56U9fHixgO0HQkhtI,29 Mar 2020 00:20
6DXZiYUbrYgrVIhfX3U9Z2,6M2wZ9GZgrQXHCFfjv46we,7fJJK56U9fHixgO0HQkhtI,29 Mar 2020 00:17
39LLxExYz6ewLAcYrzQQyP,6M2wZ9GZgrQXHCFfjv46we,7fJJK56U9fHixgO0HQkhtI,29 Mar 2020 00:13
3AzjcOeAmA57TIOr9zF1ZW,6M2wZ9GZgrQXHCFfjv46we,7fJJK56U9fHixgO0HQkhtI,29 Mar 2020 00:10
2nMOodYNHBAQ3Kc1QNimZU,6M2wZ9GZgrQXHCFfjv46we,7fJJK56U9fHixgO0HQkhtI,29 Mar 2020 00:06
6WrI0LAC5M1Rw2MnX2ZvEg,6M2wZ9GZgrQXHCFfjv46we,0ix3XtPV1LwmZADsprKxcp,29 Mar 2020 00:03
6zrJLhslleCHby0wbUnvVy,6M2wZ9GZgrQXHCFfjv46we,7fJJK56U9fHixgO0HQkhtI,29 Mar 2020 00:00
017PF4Q3l4DBUiWoXk4OWT,6M2wZ9GZgrQXHCFfjv46we,7fJJK56U9fHixgO0HQkhtI,26 Mar 2020 22:11
6YdQgWSpsxhVeX6Xmv3IFJ,56oDRnqbIiwx4mymNEv7dS,6dFFcYQ8VhifgdKgYY5LYL,26 Mar 2020 22:09
6b2RcmUt1g9N9mQ3CbjX2Y,2wY79sveU1sp5g7SokKOiI,7baaCf70tVcUBL2bbkuXjo,24 Mar 2020 00:51
3KdZzLJ7Fq693prjfw8kZO,4mNfOTm9TO3w8v3TIzaNZ7,0gouPWEcIYSrNFzJhFSPJX,24 Mar 2020 00:47
1CGFyZ5fSRo0DhIJOLdHVM,5WUlDfRSoLAfcVSX1WnrxN,2eV6DIPDnGl1idcjww6xyX,24 Mar 2020 00:43
100eDEmpWV5YGVCqHI0leU,5WUlDfRSoLAfcVSX1WnrxN,0ujHQ5WCLuKJQXOqXpGtpf,24 Mar 2020 00:40
4lJNen4SMTIJMahALc3DcB,5WUlDfRSoLAfcVSX1WnrxN,0ujHQ5WCLuKJQXOqXpGtpf,24 Mar 2020 00:37
1yvMUkIOTeUNtNWlWRgANS,5WUlDfRSoLAfcVSX1WnrxN,2eV6DIPDnGl1idcjww6xyX,24 Mar 2020 00:33
7nRmfGNhHKEEu5o8yFXLXt,6nS5roXSAGhTGr34W6n7Et,08ipn1MH7xqgoqhUbtvCTy,24 Mar 2020 00:30
2MvvoeRt8NcOXWESkxWn3g,163tK9Wjr9P9DmM0AVK7lm,0rmhjUgoVa17LZuS8xWQ3v,24 Mar 2020 00:26
54ucfuN596MU25jQD3KjCL,163tK9Wjr9P9DmM0AVK7lm,2B87zXm9bOWvAJdkJBTpzF,24 Mar 2020 00:23
7eElVgPcxDqmgGrSwVFI74,163tK9Wjr9P9DmM0AVK7lm,2B87zXm9bOWvAJdkJBTpzF,24 Mar 2020 00:19
3G6hD9B2ZHOsgf4WfNu7X1,163tK9Wjr9P9DmM0AVK7lm,0rmhjUgoVa17LZuS8xWQ3v,24 Mar 2020 00:16
51NFxnQvaosfDDutk0tams,6qqNVTkY8uBg9cP3Jd7DAH,25FGyvj0UnD6YYWLq0s9nl,24 Mar 2020 00:13
4uziEsK1yiqdauKVDPsmVG,1vyhD5VmyZ7KMfW5gqLgo5,54lqxBRUg66EYNyqKSKU5C,24 Mar 2020 00:11
7aQjPecQdIuNd1sz3KCDhD,1tqZaCwM57UFKjWoYwMLrw,56vFkneGivqQcoNQq362iZ,24 Mar 2020 00:07
3jjujdWJ72nww5eGnfs2E7,6KImCVD70vtIoJWnq6nGn3,7xV2TzoaVc0ycW7fwBwAml,24 Mar 2020 00:04
3Dv1eDb0MEgF93GpLXlucZ,5cj0lLjcoR7YOSnhnX0Po5,1MmVkhiwTH0BkNOU3nw5d3,24 Mar 2020 00:00
2WfaOiMkCvy7F5fcp2zZ8L,2jzc5TC5TVFLXQlBNiIUzE,1ER3B6zev5JEAaqhnyyfbf,23 Mar 2020 23:57
2iuZJX9X9P0GKaE93xcPjk,04gDigrS5kc9YWfZHwBETP,2Auw0pTT6EcQdvHNimhLQI,23 Mar 2020 23:53
0VjIjW4GlUZAMYd2vXMi3b,1Xyo4u8uXC1ZmMpatF05PJ,4yP0hdKOZPNshxUOjY0cZj,23 Mar 2020 23:50
3AzjcOeAmA57TIOr9zF1ZW,6M2wZ9GZgrQXHCFfjv46we,7fJJK56U9fHixgO0HQkhtI,23 Mar 2020 23:46
07Oz5StQ7GRoygNLaXs2pd,56oDRnqbIiwx4mymNEv7dS,1k1HuvFs562Z3CCiSYhtc1,23 Mar 2020 23:44
7d9aNPQ3idYpe9zjQHSLwQ,6M2wZ9GZgrQXHCFfjv46we,0MaGeHimijY3IhEWPkTUEx,23 Mar 2020 23:38
0k664IuFwVP557Gnx7RhIl,56oDRnqbIiwx4mymNEv7dS,6dFFcYQ8VhifgdKgYY5LYL,23 Mar 2020 23:35
2EEmzqzM70CybVspgM7YRT,2wkoKEfS6dXwThbyTnZWFU,5LiT3OZKgkgEeInFxUEObJ,16 Mar 2020 22:04
2TH65lNHgvLxCKXM3apjxI,4q3ewBCX7sLwd24euuV69X,06S3Qjh4QWLtn6c7CVhYh7,16 Mar 2020 22:00
7qEHsqek33rTcFNT9PFqLf,4GNC7GD6oZMSxPGyXy4MNB,5658aM19fA3JVwTK6eQX70,16 Mar 2020 21:43
56ZrTFkANjeAMiS14njg4E,1HY2Jd0NmPuamShAr6KMms,2ZUwFxlWo0gwTsvZ6L4Meh,16 Mar 2020 21:32
43zdsphuZLzwA9k4DJhU0I,6qqNVTkY8uBg9cP3Jd7DAH,0S0KGZnfBGSIssfF54WSJh,16 Mar 2020 21:29
6fUxjpkdzip1MObtLaSgKQ,7vXDAI8JwjW531ouMGbfcp,2RuYsBRCgFEantZkX83W2Y,13 Mar 2020 02:21
4BCPItsB94KDLuERZT3aNM,7vXDAI8JwjW531ouMGbfcp,2v2CUuzRvsBNb4c5Rj8nqi,13 Mar 2020 02:18
7k4t7uLgtOxPwTpFmtJNTY,790FomKkXshlbRYZFtlgla,7mKevNHhVnZER3BLgI8O4F,13 Mar 2020 02:15
5iwz1NiezX7WWjnCgY5TH4,4QVBYiagIaa6ZGSPMbybpy,1tFnP9PwIMeMIuj92mfswZ,13 Mar 2020 02:11
4m0q0xQ2BNl9SCAGKyfiGZ,3mIj9lX2MWuHmhNCA7LSCW,12zl1WmHPFCSyKYbL4vBZn,13 Mar 2020 02:05
5lsz74yVLAvt3anpHZHCTS,4gzpq5DPGxSnKTe4SA8HAU,1hNS0RsxPTFjmKXCgmjSLS,12 Mar 2020 21:55
29G1awyCr8RHz9EsTwqC6P,4gzpq5DPGxSnKTe4SA8HAU,1hNS0RsxPTFjmKXCgmjSLS,12 Mar 2020 21:51
2OKnY0cqro0qsOijOondrr,4gzpq5DPGxSnKTe4SA8HAU,1hNS0RsxPTFjmKXCgmjSLS,12 Mar 2020 21:46
69uxyAqqPIsUyTO8txoP2M,4gzpq5DPGxSnKTe4SA8HAU,3cfAM8b8KqJRoIzt3zLKqw,12 Mar 2020 21:41
0h9fnCSnbUgOEgibnQByFv,4gzpq5DPGxSnKTe4SA8HAU,2FeyIYDDAQqcOJKOKhvHdr,12 Mar 2020 21:38
6mf7BNgXs8JipPr2QILnyN,4gzpq5DPGxSnKTe4SA8HAU,2FeyIYDDAQqcOJKOKhvHdr,12 Mar 2020 21:34
6DGzLNiawTtntC9NHzeMeY,4gzpq5DPGxSnKTe4SA8HAU,2FeyIYDDAQqcOJKOKhvHdr,12 Mar 2020 21:31
3E3zYgQul8EaJioNvD2tv9,4gzpq5DPGxSnKTe4SA8HAU,2FeyIYDDAQqcOJKOKhvHdr,12 Mar 2020 21:28
4Kwhm5VU4huxmQtBqd1AXo,4gzpq5DPGxSnKTe4SA8HAU,2FeyIYDDAQqcOJKOKhvHdr,12 Mar 2020 21:25
03T4ttRCiLXST6MZjeMwmR,4gzpq5DPGxSnKTe4SA8HAU,2FeyIYDDAQqcOJKOKhvHdr,12 Mar 2020 21:22
6VzRvCbolqcUswaSPm48rI,4gzpq5DPGxSnKTe4SA8HAU,2FeyIYDDAQqcOJKOKhvHdr,12 Mar 2020 21:20
0UvUivL70eDwhTWBd8S38I,4gzpq5DPGxSnKTe4SA8HAU,2FeyIYDDAQqcOJKOKhvHdr,12 Mar 2020 21:18
7jib2tJjQ82kTIZZATMvAK,4gzpq5DPGxSnKTe4SA8HAU,2FeyIYDDAQqcOJKOKhvHdr,12 Mar 2020 21:16
1cXXhzPnbrXjNQYbLdUJdy,4gzpq5DPGxSnKTe4SA8HAU,2FeyIYDDAQqcOJKOKhvHdr,12 Mar 2020 21:14
45PqOIkZ9PdCjsCJQYzx9G,4gzpq5DPGxSnKTe4SA8HAU,2FeyIYDDAQqcOJKOKhvHdr,12 Mar 2020 21:10
1e8D1BCD2afT56Km7UahpB,4gzpq5DPGxSnKTe4SA8HAU,2FeyIYDDAQqcOJKOKhvHdr,12 Mar 2020 21:06
50WeOnXhM1H7AZEeIDoWfZ,73Np75Wv2tju61Eo9Zw4IR,4M07HWIlZr7zoXoxDHR5mz,12 Mar 2020 18:55
50WeOnXhM1H7AZEeIDoWfZ,73Np75Wv2tju61Eo9Zw4IR,4M07HWIlZr7zoXoxDHR5mz,12 Mar 2020 18:40
50WeOnXhM1H7AZEeIDoWfZ,73Np75Wv2tju61Eo9Zw4IR,4M07HWIlZr7zoXoxDHR5mz,12 Mar 2020 18:36
50WeOnXhM1H7AZEeIDoWfZ,73Np75Wv2tju61Eo9Zw4IR,4M07HWIlZr7zoXoxDHR5mz,12 Mar 2020 18:32
4CCe846xVRd9p31gc6dMza,3WGpXCj9YhhfX11TToZcXP,3MYJYd73u0SatCnRVvRJ3M,12 Mar 2020 11:52
2NjO87HyT80fsgejd3PLYW,3WGpXCj9YhhfX11TToZcXP,3MYJYd73u0SatCnRVvRJ3M,12 Mar 2020 11:48
0EftP1nY8Mklt77hAMMMug,3WGpXCj9YhhfX11TToZcXP,3MYJYd73u0SatCnRVvRJ3M,12 Mar 2020 11:45
7hDVYcQq6MxkdJGweuCtl9,6qqNVTkY8uBg9cP3Jd7DAH,7fRrTyKvE4Skh93v97gtcU,12 Mar 2020 11:41
51NFxnQvaosfDDutk0tams,6qqNVTkY8uBg9cP3Jd7DAH,25FGyvj0UnD6YYWLq0s9nl,12 Mar 2020 11:41
43zdsphuZLzwA9k4DJhU0I,6qqNVTkY8uBg9cP3Jd7DAH,0S0KGZnfBGSIssfF54WSJh,12 Mar 2020 11:35
3Fj47GNK2kUF0uaEDgXLaD,6qqNVTkY8uBg9cP3Jd7DAH,0S0KGZnfBGSIssfF54WSJh,12 Mar 2020 11:30
2Fxmhks0bxGSBdJ92vM42m,6qqNVTkY8uBg9cP3Jd7DAH,0S0KGZnfBGSIssfF54WSJh,12 Mar 2020 11:25
43zdsphuZLzwA9k4DJhU0I,6qqNVTkY8uBg9cP3Jd7DAH,0S0KGZnfBGSIssfF54WSJh,12 Mar 2020 11:22
6WrI0LAC5M1Rw2MnX2ZvEg,6M2wZ9GZgrQXHCFfjv46we,0ix3XtPV1LwmZADsprKxcp,12 Mar 2020 11:19
4MxYiw28F30NGOaTZ1ySqd,2wkoKEfS6dXwThbyTnZWFU,45YWYjXP1nV0l61m50E5dL,11 Mar 2020 21:44
6NfrH0ANGmgBXyxgV2PeXt,4q3ewBCX7sLwd24euuV69X,5lJqux7orBlA1QzyiBGti1,11 Mar 2020 21:41
6WrI0LAC5M1Rw2MnX2ZvEg,6M2wZ9GZgrQXHCFfjv46we,0ix3XtPV1LwmZADsprKxcp,11 Mar 2020 21:38
07Oz5StQ7GRoygNLaXs2pd,56oDRnqbIiwx4mymNEv7dS,1k1HuvFs562Z3CCiSYhtc1,11 Mar 2020 21:35
3ebXMykcMXOcLeJ9xZ17XH,60d24wfXkVzDSfLS6hyCjZ,2v9rQe4F8fVSh5v8bAq0jF,11 Mar 2020 21:32
3AzjcOeAmA57TIOr9zF1ZW,6M2wZ9GZgrQXHCFfjv46we,7fJJK56U9fHixgO0HQkhtI,11 Mar 2020 21:29
0k664IuFwVP557Gnx7RhIl,56oDRnqbIiwx4mymNEv7dS,6dFFcYQ8VhifgdKgYY5LYL,11 Mar 2020 21:25
6WrI0LAC5M1Rw2MnX2ZvEg,6M2wZ9GZgrQXHCFfjv46we,0ix3XtPV1LwmZADsprKxcp,11 Mar 2020 21:23
532C3kNv3bmytLYe3LXr43,35GL8Cu2GKTcHzKGi75xl5,1K2Dd9iqt3uU2iOcJchGu5,11 Mar 2020 19:29
0Py7rCd1Jgb2mOHaVAjVu2,6tzRZ39aZlNqlUzQlkuhDV,3IXgUtQCYOEDOmmhvaKRKY,11 Mar 2020 19:26
5r2XxAso8w45S9ircIjRKR,586uxXMyD5ObPuzjtrzO1Q,4BnJeKnzYCj7JneNoTpkMN,11 Mar 2020 19:21
6X0XdIcgwfVa9orJnDMQB0,6tzRZ39aZlNqlUzQlkuhDV,0rDDD6fyQCUDiwlehEJsnd,11 Mar 2020 19:19
51NFxnQvaosfDDutk0tams,6qqNVTkY8uBg9cP3Jd7DAH,25FGyvj0UnD6YYWLq0s9nl,11 Mar 2020 17:05
3KliPMvk1EvFZu9cvkj8p1,26dSoYclwsYLMAKD3tpOr4,5rlB2HPoNHg2m1wmmh0TRv,11 Mar 2020 17:00
03F0Hspx6mEkiiYqEzVu5u,2Z7UcsdweVlRbAk5wH5fsf,2y3Rm0cT1xbf2NoTQwKv99,11 Mar 2020 15:50
03F0Hspx6mEkiiYqEzVu5u,2Z7UcsdweVlRbAk5wH5fsf,2y3Rm0cT1xbf2NoTQwKv99,11 Mar 2020 15:41
3asj3OMn7BkuWOxsdkYybG,2Z7UcsdweVlRbAk5wH5fsf,0vMqm7WSIXBWsiYrulKiCc,11 Mar 2020 15:38
2EEmzqzM70CybVspgM7YRT,2wkoKEfS6dXwThbyTnZWFU,5LiT3OZKgkgEeInFxUEObJ,11 Mar 2020 15:35
6WrI0LAC5M1Rw2MnX2ZvEg,6M2wZ9GZgrQXHCFfjv46we,0ix3XtPV1LwmZADsprKxcp,11 Mar 2020 15:30
